<?xml version="1.0" encoding="UTF-8" standalone="no"?>
<Canvas xmlns="http://www.jgrasp.org">
  <Language>Java</Language>
  <ShowTypes>true</ShowTypes>
  <Version>2</Version>
  <Grid>
    <Snap>true</Snap>
    <Show>false</Show>
  </Grid>
  <Frame>
    <Bounds>
      <AutoSize>true</AutoSize>
      <X>50</X>
      <Y>70</Y>
      <W>245</W>
      <H>214</H>
    </Bounds>
    <Viewer>
      <Expression>p</Expression>
      <ViewerClass>_X_ElementView</ViewerClass>
    </Viewer>
  </Frame>
  <Size>
    <W>376</W>
    <H>450</H>
  </Size>
  <ESize>
    <W>376</W>
    <H>450</H>
  </ESize>
</Canvas>
